Workbook

Sheet Bilgiler
A1: İdare Adı | D1: T.C. KAHRAMANMARAŞ SU VE KANALİZASYON İDARESİ GENEL MÜDÜRLÜĞÜ ABONE İŞLERİ DAİRESİ BAŞKANLIĞI
A2: İşin Adı: | D2: İl Geneli Mobil Okuma Cihazı Kullanarak On-Line ve Off-Line Sayaç Endeks Tespiti, Fatura Dağıtımı,Sayaç Mühürlenmesi, Sayaç Sökme-Takma, Su Kapama veya Su Açma, Sayaç Alımı ve Kaçak Tespiti Hizmeti
A3: İşin Yüklenicisi: | D3: ER-SAN ELEKTRİK İNŞ. TAAH.TİC.LTD.ŞTİ.
A4: İhale Kayıt No: | D4: 2025/1219715
A5: Keşif Bedeli: | D5: 138289000
A6: İhale Tenzilatı: | D6: =1-(D7/D5) -> 0.1688
A7: Sözleşme Bedeli: | D7: 114950000
A8: Sözleşme Tarihi: | D8: 45964
A9: İşin Biteceği Tarih: | D9: 46387
A10: Hakediş No: | D10: 4
A11: İş Yapılan Ayın Son Günü | D11: 46081
A12: Kontrol | D12: ÖMER FARUK YAŞAR - HARUN KAZANCI - ÖMER BUCAK
A13: Mesleği: | D13: İDARİ İŞLER SORUMLUSU - OKUMA YÖNETİCİSİ - SAYAÇ VERİ GİRİŞ OP.
A14: Müdür: | D14: AHMET BOLAT
A15: Ünvanı: | D15: ABONE KOORDİNASYON ŞUBE MÜDÜRÜ
A16: İdare Adına Onaylayan: | D16: KEMALETTİN GÜNEN
A17: Ünvanı: | D17: ABONE İŞLERİ DAİRE BAŞKANI
A18: İhale Tarihi: | D18: 45925
A19: Yer Teslim Tarihi: | D19: 45966
A20: İşin Süresi: | D20: 422
A21: Önceki Hakediş Bedeli: | D21: 42099240
A22: Tutanak Tasdik Tarihi: | D22: 46085
A23: Hakediş Yılı | D23: 2026
A24: Hakediş Ayı | D24: ŞUBAT
A25: Normal Endeks Okuma | C25: Kıyas Endeks Okuma | E25: Sayaç Mühürleme | G25: Sayaç Sökme Takma | I25: Su açma Su Kapama | K25: Sayaç Alımı | M25: Kaçak Ve Abonesiz
A27: 0 | C27: 0 | E27: 0 | G27: 0 | I27: 0 | K27: 0 | M27: 0
A28: FİYAT FARKI ENDEKSLERİ
A29: İşçilik (İ) Asgari Ücret (a1) | C29: Motorin (Diğer) (b1) | E29: Yİ-ÜFE Genel (b2) | G29: Makine-Ekipman b.y.s. ( c )
A30: 33075.5 | C30: 55.39538 | E30: 4910.53 | G30: 3624.85

Sheet İcmal
G1: =Bilgiler!D1 -> T.C. KAHRAMANMARAŞ SU VE KANALİZASYON İDARESİ GENEL MÜDÜRLÜĞÜ ABONE İŞLERİ DAİRESİ BAŞKANLIĞI | V1: =Bilgiler!$D$2 -> İl Geneli Mobil Okuma Cihazı Kullanarak On-Line ve Off-Line Sayaç Endeks Tespiti, Fatura Dağıtımı,Sayaç Mühürlenmesi, Sayaç Sökme-Takma, Su Kapama veya Su Açma, Sayaç Alımı ve Kaçak Tespiti Hizmeti | AU1: HAKEDİŞ NO | BB1: =Bilgiler!$D$10 -> 4
V4: İCMAL TABLOSU | AU4: SAYFA NO | BB4: 1
V6: =Bilgiler!$D$3 -> ER-SAN ELEKTRİK İNŞ. TAAH.TİC.LTD.ŞTİ.
E8: =BFTC!B5 -> KASKİ-01 | I8: =BFTC!B6 -> KASKİ-02 | M8: =BFTC!B7 -> KASKİ-03 | Q8: =BFTC!B8 -> KASKİ-04 | U8: =BFTC!B9 -> KASKİ-05 | Y8: =BFTC!B10 -> KASKİ-06 | AC8: =BFTC!B11 -> KASKİ-07
E11: =BFTC!C5 -> Sayaç Endekslerinin Okunması, Mobil Okuma Cihazı İle Tespiti ve Makbuz Dağıtılması İşlemi | I11: =BFTC!C6 -> Sayaç Endekslerinin Yerinde Yapılan Kontrollerde Tespit Edilememesi (kıyas okuma veya evde yok okuma) İşlemi | M11: =BFTC!C7 -> Mühürsüz Sayaçların Mühürlemesi | Q11: =BFTC!C8 -> Sayaç Sökme ve Sayaç Takma | U11: =BFTC!C9 -> Su Kapama veya Su Açma | Y11: =BFTC!C10 -> Sayaç Alımı (Teknik Şartnamede Özellikleri Belirtilen) DN20 190 MM | AC11: =BFTC!C11 -> İçme Suyu Hatlarında Sayaçlı Abonesiz, Sayaçsız ve Kaçak Kullanımın Tespit Edilmesi ve Raporlanması
A22: Birimi | E22: =IF(+E8=0,0,VLOOKUP(E8,BFTC!$B$5:$D$35,3,0)) -> Adet | I22: =IF(+I8=0,0,VLOOKUP(I8,BFTC!$B$5:$D$35,3,0)) -> Adet | M22: =IF(+M8=0,0,VLOOKUP(M8,BFTC!$B$5:$D$35,3,0)) -> Adet | Q22: =IF(+Q8=0,0,VLOOKUP(Q8,BFTC!$B$5:$D$35,3,0)) -> Adet | U22: =IF(+U8=0,0,VLOOKUP(U8,BFTC!$B$5:$D$35,3,0)) -> Adet | Y22: =BFTC!D10 -> Adet | AC22: Adet
A24: Bir önceki hak. toplamı | E24: 249153 | I24: 26758 | M24: 0 | Q24: 3017 | U24: 39448 | Y24: 15000 | AC24: 1452
C26: 1 | E26: =Bilgiler!A27 -> 0 | I26: =Bilgiler!C27 -> 0 | M26: =Bilgiler!E27 -> 0 | Q26: =Bilgiler!G27 -> 0 | U26: =Bilgiler!I27 -> 0 | Y26: =Bilgiler!K27 -> 0 | AC26: =Bilgiler!M27 -> 0
A50: HK. TOPLAMI | E50: =SUM(E26:H49) -> 0 | I50: =SUM(I26:L49) -> 0 | M50: =SUM(M26:P49) -> 0 | Q50: =SUM(Q26:T49) -> 0 | U50: =SUM(U26:X49) -> 0 | Y50: =SUM(Y26:AB49) -> 0 | AC50: =SUM(AC26:AF49) -> 0
A52: GENEL TOP. | E52: =E24+E50 -> 249153 | I52: =I24+I50 -> 26758 | M52: =M24+M50 -> 0 | Q52: =Q24+Q50 -> 3017 | U52: =U24+U50 -> 39448 | Y52: =Y24+Y50 -> 15000 | AC52: =AC24+AC50 -> 1452
A53: KONTROL | U53: HAKEDİŞ İNCELEME | AO53: YÜKLENİCİ
A54: =Bilgiler!$D$12 -> ÖMER FARUK YAŞAR - HARUN KAZANCI - ÖMER BUCAK | AO54: =Bilgiler!$D$3 -> ER-SAN ELEKTRİK İNŞ. TAAH.TİC.LTD.ŞTİ.
A55: =Bilgiler!$D$13 -> İDARİ İŞLER SORUMLUSU - OKUMA YÖNETİCİSİ - SAYAÇ VERİ GİRİŞ OP.

Sheet BFTC
C1: =Bilgiler!D2 -> İl Geneli Mobil Okuma Cihazı Kullanarak On-Line ve Off-Line Sayaç Endeks Tespiti, Fatura Dağıtımı,Sayaç Mühürlenmesi, Sayaç Sökme-Takma, Su Kapama veya Su Açma, Sayaç Alımı ve Kaçak Tespiti Hizmeti
A3: BİRİM FİYAT TEKLİF CETVELİ
A4: Sıra No | B4: Poz No | C4: İşin Adı | D4: Ölçü Birimi | E4: Miktarı | F4: Teklif Edilen Birim Fiyat | G4: Tutarı
A5: 1 | B5: KASKİ-01 | C5: Sayaç Endekslerinin Okunması, Mobil Okuma Cihazı İle Tespiti ve Makbuz Dağıtılması İşlemi | D5: Adet | E5: 1000000 | F5: 40 | G5: =F5*E5 -> 40000000
A6: 2 | B6: KASKİ-02 | C6: Sayaç Endekslerinin Yerinde Yapılan Kontrollerde Tespit Edilememesi (kıyas okuma veya evde yok okuma) İşlemi | D6: Adet | E6: 50000 | F6: 20 | G6: =F6*E6 -> 1000000
A7: 3 | B7: KASKİ-03 | C7: Mühürsüz Sayaçların Mühürlemesi | D7: Adet | E7: 20000 | F7: 50 | G7: =F7*E7 -> 1000000
A8: 4 | B8: KASKİ-04 | C8: Sayaç Sökme ve Sayaç Takma | D8: Adet | E8: 40000 | F8: 280 | G8: =F8*E8 -> 11200000
A9: 5 | B9: KASKİ-05 | C9: Su Kapama veya Su Açma | D9: Adet | E9: 140000 | F9: 200 | G9: =F9*E9 -> 28000000
A10: 6 | B10: KASKİ-06 | C10: Sayaç Alımı (Teknik Şartnamede Özellikleri Belirtilen) DN20 190 MM | D10: Adet | E10: 15000 | F10: 1350 | G10: =F10*E10 -> 20250000
A11: 7 | B11: KASKİ-07 | C11: İçme Suyu Hatlarında Sayaçlı Abonesiz, Sayaçsız ve Kaçak Kullanımın Tespit Edilmesi ve Raporlanması | D11: Adet | E11: 7500 | F11: 1800 | G11: =F11*E11 -> 13500000
C12: GENEL TOPLAM | G12: =SUM(G5:G11) -> 114950000

Sheet Ön Kapak
A1: KAHRAMANMARAŞ SU VE KANALİZASYON İDARESİ GENEL MÜDÜRLÜĞÜ
A7: =Bilgiler!D2 -> İl Geneli Mobil Okuma Cihazı Kullanarak On-Line ve Off-Line Sayaç Endeks Tespiti, Fatura Dağıtımı,Sayaç Mühürlenmesi, Sayaç Sökme-Takma, Su Kapama veya Su Açma, Sayaç Alımı ve Kaçak Tespiti Hizmeti
A10: HAKEDİŞ RAPORU
D12: TARİHİ | F12: : | G12: =Bilgiler!D22 -> 46085
D13: NO'SU | F13: : | G13: =Bilgiler!D10 -> 4
D14: UYGULAMA YILI | F14: : | G14: 2025
B16: YÜKLENİCİNİN ADI / TİCARİ ÜNVANI | F16: : | G16: =Bilgiler!D3 -> ER-SAN ELEKTRİK İNŞ. TAAH.TİC.LTD.ŞTİ.
B17: SÖZLEŞME BEDELİ | F17: : | G17: =Bilgiler!D7 -> 114950000
B18: İHALE TARİHİ | F18: : | G18: =TEXT(Bilgiler!D18,"GG.AA.YYYY") -> 25.09.2025
B19: SÖZLEŞME TARİHİ | F19: : | G19: =TEXT(Bilgiler!D8,"GG.AA.YYYY") -> 03.11.2025
B20: İŞYERİ TESLİM TARİHİ | F20: : | G20: =TEXT(Bilgiler!D19,"GG.AA.YYYY") -> 05.11.2025
B21: SÖZLEŞMEYE GÖRE İŞİN SÜRESİ | F21: : | G21: =Bilgiler!D20 -> 422
B22: SÖZLEŞMEYE GÖRE İŞ BİTİM TARİHİ | F22: : | G22: =TEXT(Bilgiler!D9,"GG.AA.YYYY") -> 31.12.2026
A27: SÖZLEŞME BEDELLERİ (TL) | F27: ONAY VE KARARLAR
A29: ANA SÖZLEŞME | D29: =Bilgiler!D7 -> 114950000 | F29: 03/11/2025 Tarihli Sözleşme
A30: % 20 FAZLA İŞ | F30: ......./......../20.. Tarih ve............ Sayılı Onayla/kararla
A31: TOPLAM | D31: =D29+D30 -> 114950000
A35: SON SÜRE UZATIMI : | D35: …/…/2026 TARİH VE …………….. sayılı daire başkanlığı oluru ile …/…/2026 Tarihine Kadar
C41: İTİBAR EDİLEN İŞİN BİTİM TARİHİ | G41: 46387
C42: GEÇİCİ KABUL TARİHİ | G42: : ....... / ...... / 20….
C43: GEÇİCİ KABUL İTİBAR TARİHİ | G43: : ....... / ...... / 20….
C44: GEÇİCİ KABUL ONANMA TARİHİ | G44: : ....... / ...... / 20….

Sheet Arka Kapak
A1: =Bilgiler!D2 -> İl Geneli Mobil Okuma Cihazı Kullanarak On-Line ve Off-Line Sayaç Endeks Tespiti, Fatura Dağıtımı,Sayaç Mühürlenmesi, Sayaç Sökme-Takma, Su Kapama veya Su Açma, Sayaç Alımı ve Kaçak Tespiti Hizmeti
A2: =TEXT(Bilgiler!D11,"GG.AA.YYYY")&" TARİHİNE KADAR YAPILAN İŞLERE AİT "&Bilgiler!D10&" NO'LU HAKEDİŞ RAPORU" -> 28.02.2026 TARİHİNE KADAR YAPILAN İŞLERE AİT 4 NO'LU HAKEDİŞ RAPORU
A3: A) | B3: Sözleşme Fiyatları İle Yapılan Toplam İş Tutarı | C3: Mal Alım | D3: =Çarşaf!BD19 -> 20250000
C4: Hizmet Alım | D4: =Çarşaf!BD14+Çarşaf!BD15+Çarşaf!BD16+Çarşaf!BD17+Çarşaf!BD18+Çarşaf!BD20 -> 21849240
C5: Toplam (A) | D5: =D3+D4 -> 42099240
A6: B) | B6: Toplam Fiyat Farkı Tutarı | D6: ='Fiyat Farkı Tutanağı'!F30 -> 0
A7: C) | B7: Toplam Tutar ( A + B ) | D7: =D5+D6 -> 42099240
A8: D) | B8: Bir Önceki Hakedişin Toplam Tutarı | D8: =Bilgiler!D21 -> 42099240
A9: E) | B9: Bu Hakedişin Tutarı ( C - D ) | D9: =D7-D8 -> 0
A10: F) | B10: KDV ( E x %20) | D10: =D9*0.2 -> 0
A11: H) | B11: Tahakkuk Tutarı | D11: =D9+D10 -> 0
A13: KESİNTİLER VE MAHSUPLAR | B13: a) Gelir / Kurumlar Vergisi ( E x % 3 )
B14: b) Damga Vergisi ( E - g x % 0.948 )
B15: c) KDV Tevkifatı ( F x ...)
B16: d) Sayaç Mal Alım Tevkifatı
B17: e) Sosyal Güvenlik Kurumu Kesintisi
B18: f) Gecikme Cezası
B19: g) Bu Hakedişle Ödenen Fiyat Farkı Teminat Kesintisi
B20: h) Kesin Hesap Kesintisi (%5)
B21: ı) Teknik Personel Cezası
B22: …………………..
B23: …………………..
A25: H) | B25: Kesintiler ve Mahsuplar Toplamı | D25: =SUM(D13:D24) -> 0
B26: Yükleniciye Ödenecek Hakediş Tutarı ( G - H) | D26: =D11-D25 -> 0
A28: YÜKLENİCİ | B28: HAKEDİŞ İNCELEME | C28: KONTROL
A29: =Bilgiler!D3 -> ER-SAN ELEKTRİK İNŞ. TAAH.TİC.LTD.ŞTİ. | C29: KASKİ
C30: =Bilgiler!D22 -> 46085
C31: =Bilgiler!D12 -> ÖMER FARUK YAŞAR - HARUN KAZANCI - ÖMER BUCAK
C32: =Bilgiler!D13 -> İDARİ İŞLER SORUMLUSU - OKUMA YÖNETİCİSİ - SAYAÇ VERİ GİRİŞ OP.
A36: TASVİP EDEN
A37: =Bilgiler!D22 -> 46085
A38: =Bilgiler!D14 -> AHMET BOLAT
A39: =Bilgiler!D15 -> ABONE KOORDİNASYON ŞUBE MÜDÜRÜ
A45: TASDİK EDEN
A47: …../…../2026
A48: =Bilgiler!D16 -> KEMALETTİN GÜNEN
A49: =Bilgiler!D17 -> ABONE İŞLERİ DAİRE BAŞKANI

Sheet İş Takip-Ön Yüz
E1: =Bilgiler!D1 -> T.C. KAHRAMANMARAŞ SU VE KANALİZASYON İDARESİ GENEL MÜDÜRLÜĞÜ ABONE İŞLERİ DAİRESİ BAŞKANLIĞI | X1: Sayfa No: | AA1: 1
A4: İşin Adı | E4: =Bilgiler!D2 -> İl Geneli Mobil Okuma Cihazı Kullanarak On-Line ve Off-Line Sayaç Endeks Tespiti, Fatura Dağıtımı,Sayaç Mühürlenmesi, Sayaç Sökme-Takma, Su Kapama veya Su Açma, Sayaç Alımı ve Kaçak Tespiti Hizmeti
A5: Sözleşmeye esas işin özeti | P5: YÜKLENİCİ | S5: =Bilgiler!D3 -> ER-SAN ELEKTRİK İNŞ. TAAH.TİC.LTD.ŞTİ.
P6: ADRESİ
P7: TEL | V7: FAX
P8: İHALE MAKAMI | T8: KASKİ GENEL MÜDÜRLÜĞÜ
P10: KONTROL MÜH. | T10: =Bilgiler!D12 -> ÖMER FARUK YAŞAR - HARUN KAZANCI - ÖMER BUCAK
P11: MÜLKİ AMİR | T11: =Bilgiler!D16 -> KEMALETTİN GÜNEN
A12: SÖZLEŞME BEDELLERİ | T12: ÖNEMLİ TARİHLER
A13: BİRİM FİYAT YILI (2024) | G13: SÖZLEŞME BEDELİ (TL) | M13: ONAY TARİHİ | P13: ONAY SAYISI | S13: SÖZLEŞME TARİHİ | X13: =Bilgiler!D8 -> 45964
A14: Sözleşme Bedeli | G14: =Bilgiler!D7 -> 114950000 | M14: 45964 | S14: İŞE BAŞLAMA TARİHİ | X14: =Bilgiler!D19 -> 45966
A15: Sözleşme Bedeli'nin %20'si | S15: İŞİN SÜRESİ | X15: =Bilgiler!D20 -> 422
A16: TOPLAM | G16: =G14+G15 -> 114950000 | S16: İŞİN SON BİTİŞ TARİHİ | X16: =X14+X15-1 -> 46387
A17: 1 NO'LU (İLK) REVİZE İŞ PROGRAMI ONAYI | S17: GEÇİCİ KABUL TARİHİ
A18: …. NO'LU REVİZE İŞ PROGRAMI ONAYI | S18: KESİN KABUL TARİHİ
A19: ….. NO'LU REVİZE İŞ PROGRAMI ONAYI | S19: TASF./FESİH KABUL TARİHİ
A20: EN SON ( | D20: =Bilgiler!D10 -> 4 | E20: ) NO.LU HAKEDİŞE GÖRE İMALAT VE ÖDEME DURUMU (B)
A21: POZ NO | D21: İmalatın Adı | N21: Sözleşme Bedeli (TL) | Q21: Hakediş Tutarı (TL) | T21: Sözleşme Bedeline Göre Gerçekleşme %'si NAKTİ | W21: ÜNİTENİN Gerçekleşme %'si FİZİKİ
A22: =BFTC!B5 -> KASKİ-01 | D22: =BFTC!C5 -> Sayaç Endekslerinin Okunması, Mobil Okuma Cihazı İle Tespiti ve Makbuz Dağıtılması İşlemi | N22: =BFTC!G5 -> 40000000 | Q22: =Çarşaf!AV14 -> 0 | T22: =Q22/N22 -> 0 | W22: =T22 -> 0
A23: =BFTC!B6 -> KASKİ-02 | D23: =BFTC!C6 -> Sayaç Endekslerinin Yerinde Yapılan Kontrollerde Tespit Edilememesi (kıyas okuma veya evde yok okuma) İşlemi | N23: =BFTC!G6 -> 1000000 | Q23: =Çarşaf!AV15 -> 0 | T23: =Q23/N23 -> 0 | W23: =T23 -> 0
A24: =BFTC!B7 -> KASKİ-03 | D24: =BFTC!C7 -> Mühürsüz Sayaçların Mühürlemesi | N24: =BFTC!G7 -> 1000000 | Q24: =Çarşaf!AV16 -> 0 | T24: =Q24/N24 -> 0 | W24: =T24 -> 0
A25: =BFTC!B8 -> KASKİ-04 | D25: =BFTC!C8 -> Sayaç Sökme ve Sayaç Takma | N25: =BFTC!G8 -> 11200000 | Q25: =Çarşaf!AV17 -> 0 | T25: =Q25/N25 -> 0 | W25: =T25 -> 0
A26: =BFTC!B9 -> KASKİ-05 | D26: =BFTC!C9 -> Su Kapama veya Su Açma | N26: =BFTC!G9 -> 28000000 | Q26: =Çarşaf!AV18 -> 0 | T26: =Q26/N26 -> 0 | W26: =T26 -> 0
A27: =BFTC!B10 -> KASKİ-06 | D27: =BFTC!C10 -> Sayaç Alımı (Teknik Şartnamede Özellikleri Belirtilen) DN20 190 MM | N27: =BFTC!G10 -> 20250000 | Q27: =Çarşaf!AV19 -> 0 | T27: =Q27/N27 -> 0 | W27: =T27 -> 0
A28: =BFTC!B11 -> KASKİ-07 | D28: =BFTC!C11 -> İçme Suyu Hatlarında Sayaçlı Abonesiz, Sayaçsız ve Kaçak Kullanımın Tespit Edilmesi ve Raporlanması | N28: =BFTC!G11 -> 13500000 | Q28: =Çarşaf!AV20 -> 0 | T28: =Q28/N28 -> 0 | W28: =T28 -> 0
A30: =BFTC!B12 -> 0 | D30: =BFTC!C12 -> GENEL TOPLAM | N30: =BFTC!G12 -> 114950000 | Q30: =Çarşaf!AV21 -> 0 | T30: =Q30/N30 -> 0 | W30: =T30 -> 0
A98: TOPLAM | N98: =SUM(N22:P97) -> 229900000 | Q98: =SUM(Q22:S97) -> 0
A99: EN SON ( | D99: =Bilgiler!D10 -> 4 | E99: ) NO.LU HAKEDİŞE GÖRE TÜM ÖDEMELER (B) | P99: GENEL GERÇEKLEŞME % | V99: =Q98/N98 -> 0 | Y99: =V99 -> 0
A100: TARİH | D100: TOPLAM İŞ | N100: FİYAT FARKLARI | Q100: KDV | T100: TOPLAM ÖDEME
A101: =TEXT(Bilgiler!D11,"GG.AA.YYYY") -> 28.02.2026 | D101: =Q98 -> 0 | Q101: =D101*0.18 -> 0 | T101: =D101+N101+Q101 -> 0
A102: NOT: | B102: (A) | C102: Denetim şekli olarak; Banka, Müşterek veya İzleme durumundan birisi yazılır.
B103: (B) | C103: En son hakediş itibar tarihi ile yapılan imalatın tümünü ifade eder.
B104: (C) | C104: NAKTİ % ,Yapılan imalat bedelinin sözleşmeye oranını belirtir. (2 nolu sütun değeri/ 1 nolu sütun değeri )
B105: (D) | C105: FİZİKİ % ise Ünitenin bütününe göre yapılanı ifade eder ve % 100 ü geçemez (Yapılan metraj / Uygulama proje metrajı)

Sheet İş Takip Arka Yüz
E1: Kahramanmaraş Su ve Kanalizasyon İdaresi Genel Müdürlüğü | X1: Sayfa No: | AA1: 2
A4: İşin Adı | E4: =Bilgiler!D2 -> İl Geneli Mobil Okuma Cihazı Kullanarak On-Line ve Off-Line Sayaç Endeks Tespiti, Fatura Dağıtımı,Sayaç Mühürlenmesi, Sayaç Sökme-Takma, Su Kapama veya Su Açma, Sayaç Alımı ve Kaçak Tespiti Hizmeti
A5: YATIRIM PROGRAMI DURUMU | L5: Programa Giriş Çıkış Tarihi
A6: 2025 yılı proje tutarı | I6: ='İş Takip-Ön Yüz'!G14 -> 114950000
A9: İŞ PROGRAMI DİLİMLERİ ( 1 NO'LU REVİZE İŞ PROGRAMINA GÖRE)
A10: YILLAR | H10: 2025 | L10: 2026
A11: Sözleşme Bedeline Göre | H11: ='İş Takip-Ön Yüz'!G14 -> 114950000
A12: Yıl İçi Gerçekleşme | H12: ='Arka Kapak'!D4 -> 21849240
A13: Genel Gerçekleşme Yüzdesi | H13: =H12/H11 -> 0.1901
A14: Ünite Adları | L14: Sözleşmedeki Miktar | P14: Tatbikat Projesi Miktarı | T14: Yapılan Miktar | X14: Kalan Miktar
A15: =BFTC!C5 -> Sayaç Endekslerinin Okunması, Mobil Okuma Cihazı İle Tespiti ve Makbuz Dağıtılması İşlemi | L15: =BFTC!E5 -> 1000000 | P15: =L15 -> 1000000 | T15: =Çarşaf!AJ14 -> 0 | X15: =L15-T15 -> 1000000
A16: =BFTC!C6 -> Sayaç Endekslerinin Yerinde Yapılan Kontrollerde Tespit Edilememesi (kıyas okuma veya evde yok okuma) İşlemi | L16: =BFTC!E6 -> 50000 | P16: =L16 -> 50000 | T16: =Çarşaf!AJ15 -> 0 | X16: =L16-T16 -> 50000
A17: =BFTC!C7 -> Mühürsüz Sayaçların Mühürlemesi | L17: =BFTC!E7 -> 20000 | P17: =L17 -> 20000 | T17: =Çarşaf!AJ16 -> 0 | X17: =L17-T17 -> 20000
A18: =BFTC!C8 -> Sayaç Sökme ve Sayaç Takma | L18: =BFTC!E8 -> 40000 | P18: =L18 -> 40000 | T18: =Çarşaf!AJ17 -> 0 | X18: =L18-T18 -> 40000
A19: =BFTC!C9 -> Su Kapama veya Su Açma | L19: =BFTC!E9 -> 140000 | P19: =L19 -> 140000 | T19: =Çarşaf!AJ18 -> 0 | X19: =L19-T19 -> 140000
A20: =BFTC!C10 -> Sayaç Alımı (Teknik Şartnamede Özellikleri Belirtilen) DN20 190 MM | L20: =BFTC!E10 -> 15000 | P20: =L20 -> 15000 | T20: =Çarşaf!AJ19 -> 0 | X20: =L20-T20 -> 15000
A21: =BFTC!C11 -> İçme Suyu Hatlarında Sayaçlı Abonesiz, Sayaçsız ve Kaçak Kullanımın Tespit Edilmesi ve Raporlanması | L21: =BFTC!E11 -> 7500 | P21: =L21 -> 7500 | T21: =Çarşaf!AJ20 -> 0 | X21: =L21-T21 -> 7500

Sheet Çarşaf
G1: =Bilgiler!D1 -> T.C. KAHRAMANMARAŞ SU VE KANALİZASYON İDARESİ GENEL MÜDÜRLÜĞÜ ABONE İŞLERİ DAİRESİ BAŞKANLIĞI | V1: =Bilgiler!D2 -> İl Geneli Mobil Okuma Cihazı Kullanarak On-Line ve Off-Line Sayaç Endeks Tespiti, Fatura Dağıtımı,Sayaç Mühürlenmesi, Sayaç Sökme-Takma, Su Kapama veya Su Açma, Sayaç Alımı ve Kaçak Tespiti Hizmeti
V4: =Bilgiler!D3 -> ER-SAN ELEKTRİK İNŞ. TAAH.TİC.LTD.ŞTİ.
V7: FİYATLANDIRMA CETVELİ | AY7: Hakediş No: | BF7: =Bilgiler!D10 -> 4
AY8: Sayfa No: | BF8: 1
A9: POZ NO | E9: YAPILAN İŞİN CİNSİ | U9: BİRİMİ | W9: SÖZLEŞME MİKTARLARI | AA9: SÖZLEŞME BİRİM FİYATLARI (TL) | AE9: SÖZLEŞME BEDELİ (TL) | AJ9: HAKEDİŞ İMALAT MİKTARLARI | AN9: ÖNCEKİ HAKEDİŞ İMALAT MİKTARLARI | AR9: TOPLAM HAKEDİŞ İMALAT MİKTARLARI | AV9: BU HAKEDİŞ TOPLAMI (TL) | AZ9: GERÇEKLEŞME YÜZDESİ (%) | BD9: SÖZLEŞME BİRİM FİYATLARI İLE YAPILAN TOPLAM İMALAT (TL) | BI9: AÇIKLAMA
W13: 1 | AA13: 2 | AE13: 3=1x2 | AJ13: 4 | AN13: 5 | AR13: 6=4+5 | AV13: 7=2x4 | AZ13: 8=9/3 | BD13: 9=6x4
A14: =BFTC!B5 -> KASKİ-01 | E14: =BFTC!C5 -> Sayaç Endekslerinin Okunması, Mobil Okuma Cihazı İle Tespiti ve Makbuz Dağıtılması İşlemi | U14: =+BFTC!D5 -> Adet | W14: =+BFTC!E5 -> 1000000 | AA14: =+BFTC!F5 -> 40 | AE14: =AA14*W14 -> 40000000 | AJ14: =IF(+A14=0,0,HLOOKUP(A14,İcmal!$E$8:$BH$52,43,0)) -> 0 | AN14: =IF(+A14=0,0,HLOOKUP(A14,İcmal!$E$8:$BH$52,17,0)) -> 249153 | AR14: =AJ14+AN14 -> 249153 | AV14: =AA14*AJ14 -> 0 | AZ14: =IF(AE14=0,0,(BD14/AE14)) -> 0.2492 | BD14: =AA14*AR14 -> 9966120
A15: =BFTC!B6 -> KASKİ-02 | E15: =BFTC!C6 -> Sayaç Endekslerinin Yerinde Yapılan Kontrollerde Tespit Edilememesi (kıyas okuma veya evde yok okuma) İşlemi | U15: =+BFTC!D6 -> Adet | W15: =+BFTC!E6 -> 50000 | AA15: =+BFTC!F6 -> 20 | AE15: =AA15*W15 -> 1000000 | AJ15: =IF(+A15=0,0,HLOOKUP(A15,İcmal!$E$8:$BH$52,43,0)) -> 0 | AN15: =IF(+A15=0,0,HLOOKUP(A15,İcmal!$E$8:$BH$52,17,0)) -> 26758 | AR15: =AJ15+AN15 -> 26758 | AV15: =AA15*AJ15 -> 0 | AZ15: =IF(AE15=0,0,(BD15/AE15)) -> 0.5352 | BD15: =AA15*AR15 -> 535160
A16: =BFTC!B7 -> KASKİ-03 | E16: =BFTC!C7 -> Mühürsüz Sayaçların Mühürlemesi | U16: =+BFTC!D7 -> Adet | W16: =+BFTC!E7 -> 20000 | AA16: =+BFTC!F7 -> 50 | AE16: =AA16*W16 -> 1000000 | AJ16: =IF(+A16=0,0,HLOOKUP(A16,İcmal!$E$8:$BH$52,43,0)) -> 0 | AN16: =IF(+A16=0,0,HLOOKUP(A16,İcmal!$E$8:$BH$52,17,0)) -> 0 | AR16: =AJ16+AN16 -> 0 | AV16: =AA16*AJ16 -> 0 | AZ16: =IF(AE16=0,0,(BD16/AE16)) -> 0 | BD16: =AA16*AR16 -> 0
A17: =BFTC!B8 -> KASKİ-04 | E17: =BFTC!C8 -> Sayaç Sökme ve Sayaç Takma | U17: =+BFTC!D8 -> Adet | W17: =+BFTC!E8 -> 40000 | AA17: =+BFTC!F8 -> 280 | AE17: =AA17*W17 -> 11200000 | AJ17: =IF(+A17=0,0,HLOOKUP(A17,İcmal!$E$8:$BH$52,43,0)) -> 0 | AN17: =IF(+A17=0,0,HLOOKUP(A17,İcmal!$E$8:$BH$52,17,0)) -> 3017 | AR17: =AJ17+AN17 -> 3017 | AV17: =AA17*AJ17 -> 0 | AZ17: =IF(AE17=0,0,(BD17/AE17)) -> 0.0754 | BD17: =AA17*AR17 -> 844760
A18: =BFTC!B9 -> KASKİ-05 | E18: =BFTC!C9 -> Su Kapama veya Su Açma | U18: =+BFTC!D9 -> Adet | W18: =+BFTC!E9 -> 140000 | AA18: =+BFTC!F9 -> 200 | AE18: =AA18*W18 -> 28000000 | AJ18: =IF(+A18=0,0,HLOOKUP(A18,İcmal!$E$8:$BH$52,43,0)) -> 0 | AN18: =IF(+A18=0,0,HLOOKUP(A18,İcmal!$E$8:$BH$52,17,0)) -> 39448 | AR18: =AJ18+AN18 -> 39448 | AV18: =AA18*AJ18 -> 0 | AZ18: =IF(AE18=0,0,(BD18/AE18)) -> 0.2818 | BD18: =AA18*AR18 -> 7889600
A19: =BFTC!B10 -> KASKİ-06 | E19: =BFTC!C10 -> Sayaç Alımı (Teknik Şartnamede Özellikleri Belirtilen) DN20 190 MM | U19: =+BFTC!D10 -> Adet | W19: =+BFTC!E10 -> 15000 | AA19: =+BFTC!F10 -> 1350 | AE19: =AA19*W19 -> 20250000 | AJ19: =IF(+A19=0,0,HLOOKUP(A19,İcmal!$E$8:$BH$52,43,0)) -> 0 | AN19: =IF(+A19=0,0,HLOOKUP(A19,İcmal!$E$8:$BH$52,17,0)) -> 15000 | AR19: =AJ19+AN19 -> 15000 | AV19: =AA19*AJ19 -> 0 | AZ19: =IF(AE19=0,0,(BD19/AE19)) -> 1 | BD19: =AA19*AR19 -> 20250000
A20: =BFTC!B11 -> KASKİ-07 | E20: =BFTC!C11 -> İçme Suyu Hatlarında Sayaçlı Abonesiz, Sayaçsız ve Kaçak Kullanımın Tespit Edilmesi ve Raporlanması | U20: =+BFTC!D11 -> Adet | W20: =+BFTC!E11 -> 7500 | AA20: =+BFTC!F11 -> 1800 | AE20: =AA20*W20 -> 13500000 | AJ20: =IF(+A20=0,0,HLOOKUP(A20,İcmal!$E$8:$BH$52,43,0)) -> 0 | AN20: =IF(+A20=0,0,HLOOKUP(A20,İcmal!$E$8:$BH$52,17,0)) -> 1452 | AR20: =AJ20+AN20 -> 1452 | AV20: =AA20*AJ20 -> 0 | AZ20: =IF(AE20=0,0,(BD20/AE20)) -> 0.1936 | BD20: =AA20*AR20 -> 2613600
AR21: HK. TOPLAMI | AV21: =SUM(AV14:AY20) -> 0 | AZ21: GENEL TOPLAM | BD21: =SUM(BD14:BH20) -> 42099240
A23: KONTROL | U23: HAKEDİŞ İNCELEME | AS23: YÜKLENİCİ
B24: =Bilgiler!D12 -> ÖMER FARUK YAŞAR - HARUN KAZANCI - ÖMER BUCAK | AS24: =Bilgiler!D3 -> ER-SAN ELEKTRİK İNŞ. TAAH.TİC.LTD.ŞTİ.
C25: =Bilgiler!D13 -> İDARİ İŞLER SORUMLUSU - OKUMA YÖNETİCİSİ - SAYAÇ VERİ GİRİŞ OP.

Sheet Fiyat Farkı Tutanağı
C2: KAHRAMANMARAŞ SU VE KANALİZASYON İDARESİ GENEL MÜDÜRLÜĞÜ
C3: ABONE İŞLERİ DAİRESİ BAŞKANLIĞI
C4: FİYAT FARKI HESAP TABLOSU
A6: =Bilgiler!D2 -> İl Geneli Mobil Okuma Cihazı Kullanarak On-Line ve Off-Line Sayaç Endeks Tespiti, Fatura Dağıtımı,Sayaç Mühürlenmesi, Sayaç Sökme-Takma, Su Kapama veya Su Açma, Sayaç Alımı ve Kaçak Tespiti Hizmeti | H6: Hakediş No: | I6: =Bilgiler!D10 -> 4
H7: Sayfa No: | I7: 1 | L7: Kalem | N7: Katsayı | O7: Temel Eylül 2025 | P7: =Bilgiler!D24&" "&Bilgiler!D23 -> ŞUBAT 2026 | Q7: Oran (n/o) | R7: Pn Katsayısı
L8: İşçilik (İ) Asgari Ücret | M8: a1 | N8: 0.28 | O8: 26005.5 | P8: =Bilgiler!A30 -> 33075.5 | Q8: =P8/O8 -> 1.27187 | R8: =(0*N8*Q8)+N8 -> 0.28
A9: Hakediş Tutarı | D9: Avans Mahsubu (Varsa) | G9: Fiyat Farkına Esas Tutar | L9: Motorin (Diğer) | M9: b1 | N9: 0.22 | O9: 54.13308 | P9: =Bilgiler!C30 -> 55.39538 | Q9: =P9/O9 -> 1.02332 | R9: =N9*Q9 -> 0.22513
A10: A | D10: B | G10: An=A-B | L10: Yİ-ÜFE Genel | M10: b2 | N10: 0.25 | O10: 4632.89 | P10: =Bilgiler!E30 -> 4910.53 | Q10: =P10/O10 -> 1.05993 | R10: =N10*Q10 -> 0.264983
A11: =Çarşaf!AV21 -> 0 | G11: =A11-D11 -> 0 | L11: Makine-Ekipman b.y.s. | M11: c | N11: 0.25 | O11: 3319.76 | P11: =Bilgiler!G30 -> 3624.85 | Q11: =P11/O11 -> 1.0919 | R11: =N11*Q11 -> 0.272975
A12: FİYAT FARKI FORMÜLÜ | E12: =Bilgiler!D23 -> 2026 | F12: =Bilgiler!D24 -> ŞUBAT
A14: F = An x B x (Pn - 1) | L14: TOPLAM HAKEDİŞ TUTARI | N14: B KATSAYISI | P14: Pn | R14: =SUM(R8:R11) -> 1.04
A15: An= Hakedişe Giren Rakam | P15: B* Pn -1 | R15: =R14-1 -> 0.04
A16: B= Sabit Katsayı (0,90) | L16: =A11 -> 0 | N16: 0.9
A17: Pn=Güncel Endeks / Temel Endeks | P17: TOPLAM FİYAT FARKI | R17: =L16*R15 -> 0
A20: Temel Endekslerin Alınacağı Ay: | D20: 2025 | E20: EYLÜL | F20: ( | G20: =O10 -> 4632.89 | H20: )
A21: Güncel Endekslerin Alınacağı Ay: | D21: =Bilgiler!D23 -> 2026 | E21: =Bilgiler!D24 -> ŞUBAT | F21: ( | G21: =P10 -> 4910.53 | H21: )
A23: FİYAT FARKI HESABI - | D23: =Bilgiler!D23 -> 2026 | E23: =Bilgiler!D24 -> ŞUBAT
A24: An | B24: = | C24: =G11 -> 0
A25: B | B25: = | C25: 0.9
A26: Pn | B26: = | C26: =(N8+(0*(P8/O8)))+(N9*(P9/O9))+(N10*(P10/O10))+(N11*(P11/O11)) -> 1.04
A27: B * ( Pn - 1 ) | B27: = | C27: =ROUND(C25*(C26-1),3) -> 0.04
A28: F | B28: = | C28: =ROUND(C24*C27,2) -> 0
A30: =Bilgiler!D23 -> 2026 | B30: =Bilgiler!D24 -> ŞUBAT | C30: Ay'ı için ödenecek olan Fiyat Farkı (TL)= | F30: =C28 -> 0
A34: YÜKLENİCİ | F34: =Çarşaf!A23 -> KONTROL
A36: =Bilgiler!D3 -> ER-SAN ELEKTRİK İNŞ. TAAH.TİC.LTD.ŞTİ. | F36: =Bilgiler!D12 -> ÖMER FARUK YAŞAR - HARUN KAZANCI - ÖMER BUCAK
F39: =Bilgiler!D13 -> İDARİ İŞLER SORUMLUSU - OKUMA YÖNETİCİSİ - SAYAÇ VERİ GİRİŞ OP.
